{"v":"5.3.4","fr":60,"ip":23,"op":412,"w":1440,"h":1200,"nm":"2nd try","ddd":0,"assets":[],"layers":[{"ddd":0,"ind":12,"ty":3,"nm":"Ã¢ÂÂ½ mac","sr":1,"ks":{"o":{"a":0,"k":100,"ix":11},"r":{"a":1,"k":[{"i":{"x":[0.16],"y":[1]},"o":{"x":[0.17],"y":[0]},"n":["0p16_1_0p17_0"],"t":92,"s":[0],"e":[-90]},{"i":{"x":[0.16],"y":[1]},"o":{"x":[0.17],"y":[0]},"n":["0p16_1_0p17_0"],"t":111,"s":[-90],"e":[-90]},{"i":{"x":[0.16],"y":[1]},"o":{"x":[0.17],"y":[0]},"n":["0p16_1_0p17_0"],"t":222,"s":[-90],"e":[0]},{"t":245}],"ix":10},"p":{"a":1,"k":[{"i":{"x":0.06,"y":1},"o":{"x":0.2,"y":0},"n":"0p06_1_0p2_0","t":91,"s":[720,600,0],"e":[780,600,0],"to":[10,0,0],"ti":[-10,0,0]},{"i":{"x":0.16,"y":0.16},"o":{"x":0.2,"y":0.2},"n":"0p16_0p16_0p2_0p2","t":113,"s":[780,600,0],"e":[780,600,0],"to":[0,0,0],"ti":[0,0,0]},{"i":{"x":0.16,"y":1},"o":{"x":0.17,"y":0},"n":"0p16_1_0p17_0","t":221,"s":[780,600,0],"e":[720,600,0],"to":[-10,0,0],"ti":[10,0,0]},{"t":245}],"ix":2},"a":{"a":0,"k":[541.5,436.5,0],"ix":1},"s":{"a":0,"k":[100,100,100],"ix":6}},"ao":0,"ip":-1,"op":413,"st":0,"bm":0},{"ddd":0,"ind":17,"ty":4,"nm":"screen","parent":12,"sr":1,"ks":{"o":{"a":0,"k":100,"ix":11},"r":{"a":0,"k":0,"ix":10},"p":{"a":1,"k":[{"i":{"x":0,"y":1},"o":{"x":0.25,"y":0},"n":"0_1_0p25_0","t":90,"s":[541.5,322.5,0],"e":[541.5,377.5,0],"to":[0,9.16666698455811,0],"ti":[0,-9.16666698455811,0]},{"i":{"x":0,"y":0},"o":{"x":0.25,"y":0.25},"n":"0_0_0p25_0p25","t":113,"s":[541.5,377.5,0],"e":[541.5,377.5,0],"to":[0,0,0],"ti":[0,0,0]},{"i":{"x":0,"y":0},"o":{"x":0.25,"y":0.25},"n":"0_0_0p25_0p25","t":220,"s":[541.5,377.5,0],"e":[541.5,377.5,0],"to":[0,0,0],"ti":[0,0,0]},{"i":{"x":0,"y":1},"o":{"x":0.25,"y":0},"n":"0_1_0p25_0","t":346,"s":[541.5,377.5,0],"e":[541.5,322.5,0],"to":[0,-9.16666698455811,0],"ti":[0,9.16666698455811,0]},{"t":382}],"ix":2},"a":{"a":0,"k":[0,0,0],"ix":1},"s":{"a":0,"k":[100,100,100],"ix":6}},"ao":0,"shapes":[{"ty":"gr","it":[{"ty":"rc","d":1,"s":{"a":1,"k":[{"i":{"x":[0,0],"y":[1,1]},"o":{"x":[0.25,0.25],"y":[0,0]},"n":["0_1_0p25_0","0_1_0p25_0"],"t":90,"s":[335,187],"e":[118.82,155.24]},{"i":{"x":[0,0],"y":[1,1]},"o":{"x":[0.25,0.25],"y":[0,0]},"n":["0_1_0p25_0","0_1_0p25_0"],"t":113,"s":[118.82,155.24],"e":[118.82,155.24]},{"i":{"x":[0,0],"y":[1,1]},"o":{"x":[0.25,0.25],"y":[0,0]},"n":["0_1_0p25_0","0_1_0p25_0"],"t":220,"s":[118.82,155.24],"e":[50,87]},{"i":{"x":[0,0],"y":[1,1]},"o":{"x":[0.25,0.25],"y":[0,0]},"n":["0_1_0p25_0","0_1_0p25_0"],"t":250,"s":[50,87],"e":[50,87]},{"i":{"x":[0,0],"y":[1,1]},"o":{"x":[0.25,0.25],"y":[0,0]},"n":["0_1_0p25_0","0_1_0p25_0"],"t":346,"s":[50,87],"e":[335,187]},{"t":382}],"ix":2},"p":{"a":0,"k":[0,0],"ix":3},"r":{"a":1,"k":[{"i":{"x":[0.22],"y":[1]},"o":{"x":[0.167],"y":[0.167]},"n":["0p22_1_0p167_0p167"],"t":90,"s":[0],"e":[10]},{"i":{"x":[0.22],"y":[1]},"o":{"x":[0.167],"y":[0.167]},"n":["0p22_1_0p167_0p167"],"t":101,"s":[10],"e":[0]},{"t":113}],"ix":4},"nm":"Rectangle Path 1","mn":"ADBE Vector Shape - Rect","hd":false},{"ty":"fl","c":{"a":0,"k":[0.207843137255,0.207843137255,0.207843137255,1],"ix":4},"o":{"a":0,"k":100,"ix":5},"r":1,"nm":"Fill 1","mn":"ADBE Vector Graphic - Fill","hd":false},{"ty":"tr","p":{"a":0,"k":[0,0],"ix":2},"a":{"a":0,"k":[0,0],"ix":1},"s":{"a":0,"k":[300,300],"ix":3},"r":{"a":0,"k":0,"ix":6},"o":{"a":0,"k":100,"ix":7},"sk":{"a":0,"k":0,"ix":4},"sa":{"a":0,"k":0,"ix":5},"nm":"Transform"}],"nm":"Rectangle 19","np":2,"cix":2,"ix":1,"mn":"ADBE Vector Group","hd":false}],"ip":0,"op":413,"st":0,"bm":0},{"ddd":0,"ind":18,"ty":4,"nm":"speaker","parent":12,"sr":1,"ks":{"o":{"a":0,"k":100,"ix":11},"r":{"a":0,"k":0,"ix":10},"p":{"a":1,"k":[{"i":{"x":0,"y":1},"o":{"x":0.25,"y":0},"n":"0_1_0p25_0","t":102,"s":[539.385,254.87,0],"e":[539.385,113.87,0],"to":[0,-23.5,0],"ti":[0,23.5,0]},{"i":{"x":0,"y":0},"o":{"x":0.25,"y":0.25},"n":"0_0_0p25_0p25","t":131,"s":[539.385,113.87,0],"e":[539.385,113.87,0],"to":[0,0,0],"ti":[0,0,0]},{"i":{"x":0,"y":1},"o":{"x":0.25,"y":0},"n":"0_1_0p25_0","t":223,"s":[539.385,113.87,0],"e":[547.185,220.07,0],"to":[1.29999995231628,17.7000007629395,0],"ti":[-1.29999995231628,-17.7000007629395,0]},{"i":{"x":0,"y":0},"o":{"x":0.25,"y":0.25},"n":"0_0_0p25_0p25","t":255,"s":[547.185,220.07,0],"e":[547.185,220.07,0],"to":[0,0,0],"ti":[0,0,0]},{"i":{"x":0,"y":1},"o":{"x":0.25,"y":0},"n":"0_1_0p25_0","t":345,"s":[547.185,220.07,0],"e":[539.385,254.87,0],"to":[-1.29999995231628,5.80000019073486,0],"ti":[1.29999995231628,-5.80000019073486,0]},{"t":376}],"ix":2},"a":{"a":0,"k":[0,0,0],"ix":1},"s":{"a":1,"k":[{"i":{"x":[0,0,0],"y":[1,1,1]},"o":{"x":[0.25,0.25,0.25],"y":[0,0,0]},"n":["0_1_0p25_0","0_1_0p25_0","0_1_0p25_0"],"t":102,"s":[100,100,100],"e":[100,100,100]},{"i":{"x":[0,0,0],"y":[1,1,1]},"o":{"x":[0.25,0.25,0.25],"y":[0,0,0]},"n":["0_1_0p25_0","0_1_0p25_0","0_1_0p25_0"],"t":223,"s":[100,100,100],"e":[70,70,100]},{"i":{"x":[0,0,0],"y":[1,1,1]},"o":{"x":[0.25,0.25,0.25],"y":[0,0,0]},"n":["0_1_0p25_0","0_1_0p25_0","0_1_0p25_0"],"t":255,"s":[70,70,100],"e":[70,70,100]},{"i":{"x":[0,0,0],"y":[1,1,1]},"o":{"x":[0.25,0.25,0.25],"y":[0,0,0]},"n":["0_1_0p25_0","0_1_0p25_0","0_1_0p25_0"],"t":345,"s":[70,70,100],"e":[100,100,100]},{"t":376}],"ix":6}},"ao":0,"shapes":[{"ty":"gr","it":[{"ty":"rc","d":1,"s":{"a":0,"k":[16.77,2.8],"ix":2},"p":{"a":0,"k":[0,0],"ix":3},"r":{"a":0,"k":0,"ix":4},"nm":"Rectangle Path 1","mn":"ADBE Vector Shape - Rect","hd":false},{"ty":"fl","c":{"a":0,"k":[0.611023008823,0.603897988796,0.603897988796,1],"ix":4},"o":{"a":0,"k":100,"ix":5},"r":1,"nm":"Fill 1","mn":"ADBE Vector Graphic - Fill","hd":false},{"ty":"tr","p":{"a":0,"k":[0,0],"ix":2},"a":{"a":0,"k":[0,0],"ix":1},"s":{"a":0,"k":[300,300],"ix":3},"r":{"a":0,"k":0,"ix":6},"o":{"a":0,"k":100,"ix":7},"sk":{"a":0,"k":0,"ix":4},"sa":{"a":0,"k":0,"ix":5},"nm":"Transform"}],"nm":"Rectangle 24 Copy","np":2,"cix":2,"ix":1,"mn":"ADBE Vector Group","hd":false}],"ip":90,"op":414,"st":-71,"bm":0},{"ddd":0,"ind":19,"ty":4,"nm":"camera","parent":12,"sr":1,"ks":{"o":{"a":0,"k":100,"ix":11},"r":{"a":0,"k":0,"ix":10},"p":{"a":1,"k":[{"i":{"x":0,"y":1},"o":{"x":0.25,"y":0},"n":"0_1_0p25_0","t":113,"s":[497.46,178.87,0],"e":[497.46,113.87,0],"to":[0,-10.8333330154419,0],"ti":[0,10.8333330154419,0]},{"i":{"x":0,"y":0},"o":{"x":0.25,"y":0.25},"n":"0_0_0p25_0p25","t":138,"s":[497.46,113.87,0],"e":[497.46,113.87,0],"to":[0,0,0],"ti":[0,0,0]},{"i":{"x":0,"y":1},"o":{"x":0.25,"y":0},"n":"0_1_0p25_0","t":221,"s":[497.46,113.87,0],"e":[516.86,220.07,0],"to":[3.23333334922791,17.7000007629395,0],"ti":[-3.23333334922791,-17.7000007629395,0]},{"i":{"x":0,"y":0},"o":{"x":0.25,"y":0.25},"n":"0_0_0p25_0p25","t":253,"s":[516.86,220.07,0],"e":[516.86,220.07,0],"to":[0,0,0],"ti":[0,0,0]},{"i":{"x":0,"y":1},"o":{"x":0.25,"y":0},"n":"0_1_0p25_0","t":345,"s":[516.86,220.07,0],"e":[497.46,178.87,0],"to":[-3.23333334922791,-6.86666679382324,0],"ti":[3.23333334922791,6.86666679382324,0]},{"t":376}],"ix":2},"a":{"a":0,"k":[0,0,0],"ix":1},"s":{"a":1,"k":[{"i":{"x":[0,0,0],"y":[1,1,1]},"o":{"x":[0.25,0.25,0.25],"y":[0,0,0]},"n":["0_1_0p25_0","0_1_0p25_0","0_1_0p25_0"],"t":113,"s":[100,100,100],"e":[100,100,100]},{"i":{"x":[0,0,0],"y":[1,1,1]},"o":{"x":[0.25,0.25,0.25],"y":[0,0,0]},"n":["0_1_0p25_0","0_1_0p25_0","0_1_0p25_0"],"t":221,"s":[100,100,100],"e":[70,70,100]},{"i":{"x":[0,0,0],"y":[1,1,1]},"o":{"x":[0.25,0.25,0.25],"y":[0,0,0]},"n":["0_1_0p25_0","0_1_0p25_0","0_1_0p25_0"],"t":253,"s":[70,70,100],"e":[70,70,100]},{"i":{"x":[0,0,0],"y":[1,1,1]},"o":{"x":[0.25,0.25,0.25],"y":[0,0,0]},"n":["0_1_0p25_0","0_1_0p25_0","0_1_0p25_0"],"t":345,"s":[70,70,100],"e":[100,100,100]},{"t":376}],"ix":6}},"ao":0,"shapes":[{"ty":"gr","it":[{"ty":"rc","d":1,"s":{"a":0,"k":[2.8,2.8],"ix":2},"p":{"a":0,"k":[0,0],"ix":3},"r":{"a":0,"k":0,"ix":4},"nm":"Rectangle Path 1","mn":"ADBE Vector Shape - Rect","hd":false},{"ty":"fl","c":{"a":0,"k":[0.611023008823,0.603897988796,0.603897988796,1],"ix":4},"o":{"a":0,"k":100,"ix":5},"r":1,"nm":"Fill 1","mn":"ADBE Vector Graphic - Fill","hd":false},{"ty":"tr","p":{"a":0,"k":[0,0],"ix":2},"a":{"a":0,"k":[0,0],"ix":1},"s":{"a":0,"k":[300,300],"ix":3},"r":{"a":0,"k":0,"ix":6},"o":{"a":0,"k":100,"ix":7},"sk":{"a":0,"k":0,"ix":4},"sa":{"a":0,"k":0,"ix":5},"nm":"Transform"}],"nm":"Rectangle 24","np":2,"cix":2,"ix":1,"mn":"ADBE Vector Group","hd":false}],"ip":90,"op":414,"st":-71,"bm":0},{"ddd":0,"ind":20,"ty":4,"nm":"button","parent":12,"sr":1,"ks":{"o":{"a":0,"k":100,"ix":11},"r":{"a":0,"k":0,"ix":10},"p":{"a":1,"k":[{"i":{"x":0,"y":1},"o":{"x":0.25,"y":0},"n":"0_1_0p25_0","t":90,"s":[540,666,0],"e":[540,634,0],"to":[0,-5.33333349227905,0],"ti":[0,5.33333349227905,0]},{"i":{"x":0,"y":0},"o":{"x":0.25,"y":0.25},"n":"0_0_0p25_0p25","t":126,"s":[540,634,0],"e":[540,634,0],"to":[0,0,0],"ti":[0,0,0]},{"i":{"x":0,"y":1},"o":{"x":0.25,"y":0},"n":"0_1_0p25_0","t":222,"s":[540,634,0],"e":[540,534.2,0],"to":[0,-16.6333332061768,0],"ti":[0,16.6333332061768,0]},{"i":{"x":0,"y":0},"o":{"x":0.25,"y":0.25},"n":"0_0_0p25_0p25","t":260,"s":[540,534.2,0],"e":[540,534.2,0],"to":[0,0,0],"ti":[0,0,0]},{"i":{"x":0,"y":1},"o":{"x":0.25,"y":0},"n":"0_1_0p25_0","t":346,"s":[540,534.2,0],"e":[540,666,0],"to":[0,21.966667175293,0],"ti":[0,-21.966667175293,0]},{"t":379}],"ix":2},"a":{"a":0,"k":[0,0,0],"ix":1},"s":{"a":0,"k":[100,100,100],"ix":6}},"ao":0,"shapes":[{"ty":"gr","it":[{"ty":"rc","d":1,"s":{"a":1,"k":[{"i":{"x":[0,0],"y":[1,1]},"o":{"x":[0.25,0.25],"y":[0,0]},"n":["0_1_0p25_0","0_1_0p25_0"],"t":90,"s":[16,16],"e":[11.18,11.19]},{"i":{"x":[0,0],"y":[1,1]},"o":{"x":[0.25,0.25],"y":[0,0]},"n":["0_1_0p25_0","0_1_0p25_0"],"t":126,"s":[11.18,11.19],"e":[11.18,11.19]},{"i":{"x":[0,0],"y":[1,1]},"o":{"x":[0.25,0.25],"y":[0,0]},"n":["0_1_0p25_0","0_1_0p25_0"],"t":222,"s":[11.18,11.19],"e":[8,8]},{"i":{"x":[0,0],"y":[1,1]},"o":{"x":[0.25,0.25],"y":[0,0]},"n":["0_1_0p25_0","0_1_0p25_0"],"t":257,"s":[8,8],"e":[8,8]},{"i":{"x":[0,0],"y":[1,1]},"o":{"x":[0.25,0.25],"y":[0,0]},"n":["0_1_0p25_0","0_1_0p25_0"],"t":346,"s":[8,8],"e":[16,16]},{"t":379}],"ix":2},"p":{"a":0,"k":[0,0],"ix":3},"r":{"a":0,"k":100,"ix":4},"nm":"Rectangle Path 1","mn":"ADBE Vector Shape - Rect","hd":false},{"ty":"fl","c":{"a":0,"k":[0.611765027046,0.603922009468,0.603922009468,1],"ix":4},"o":{"a":0,"k":100,"ix":5},"r":1,"nm":"Fill 1","mn":"ADBE Vector Graphic - Fill","hd":false},{"ty":"tr","p":{"a":0,"k":[0,0],"ix":2},"a":{"a":0,"k":[0,0],"ix":1},"s":{"a":0,"k":[300,300],"ix":3},"r":{"a":0,"k":0,"ix":6},"o":{"a":0,"k":100,"ix":7},"sk":{"a":0,"k":0,"ix":4},"sa":{"a":0,"k":0,"ix":5},"nm":"Transform"}],"nm":"Rectangle 6","np":2,"cix":2,"ix":1,"mn":"ADBE Vector Group","hd":false}],"ip":0,"op":416,"st":0,"bm":0},{"ddd":0,"ind":21,"ty":4,"nm":"main","parent":12,"sr":1,"ks":{"o":{"a":0,"k":100,"ix":11},"r":{"a":0,"k":0,"ix":10},"p":{"a":0,"k":[541.5,373.5,0],"ix":2},"a":{"a":0,"k":[0,0,0],"ix":1},"s":{"a":0,"k":[100,100,100],"ix":6}},"ao":0,"shapes":[{"ty":"gr","it":[{"ty":"rc","d":1,"s":{"a":1,"k":[{"i":{"x":[0,0],"y":[1,1]},"o":{"x":[0.25,0.25],"y":[0,0]},"n":["0_1_0p25_0","0_1_0p25_0"],"t":93,"s":[361,249],"e":[130,193]},{"i":{"x":[0,0],"y":[1,1]},"o":{"x":[0.25,0.25],"y":[0,0]},"n":["0_1_0p25_0","0_1_0p25_0"],"t":118,"s":[130,193],"e":[130,193]},{"i":{"x":[0,0],"y":[1,1]},"o":{"x":[0.25,0.25],"y":[0,0]},"n":["0_1_0p25_0","0_1_0p25_0"],"t":222,"s":[130,193],"e":[58,124]},{"i":{"x":[0,0],"y":[1,1]},"o":{"x":[0.25,0.25],"y":[0,0]},"n":["0_1_0p25_0","0_1_0p25_0"],"t":257,"s":[58,124],"e":[58,124]},{"i":{"x":[0,0],"y":[1,1]},"o":{"x":[0.25,0.25],"y":[0,0]},"n":["0_1_0p25_0","0_1_0p25_0"],"t":344,"s":[58,124],"e":[361,249]},{"t":377}],"ix":2},"p":{"a":0,"k":[0,0],"ix":3},"r":{"a":0,"k":10,"ix":4},"nm":"Rectangle Path 1","mn":"ADBE Vector Shape - Rect","hd":false},{"ty":"fl","c":{"a":0,"k":[0.909803986549,0.921568989754,0.941175997257,1],"ix":4},"o":{"a":0,"k":100,"ix":5},"r":1,"nm":"Fill 1","mn":"ADBE Vector Graphic - Fill","hd":false},{"ty":"tr","p":{"a":0,"k":[0,0],"ix":2},"a":{"a":0,"k":[0,0],"ix":1},"s":{"a":0,"k":[300,300],"ix":3},"r":{"a":0,"k":0,"ix":6},"o":{"a":0,"k":100,"ix":7},"sk":{"a":0,"k":0,"ix":4},"sa":{"a":0,"k":0,"ix":5},"nm":"Transform"}],"nm":"Rectangle 18","np":2,"cix":2,"ix":1,"mn":"ADBE Vector Group","hd":false}],"ip":0,"op":416,"st":0,"bm":0},{"ddd":0,"ind":22,"ty":4,"nm":"shadow 2 - Combined Shape","parent":12,"sr":1,"ks":{"o":{"a":1,"k":[{"i":{"x":[0],"y":[1]},"o":{"x":[0.25],"y":[0]},"n":["0_1_0p25_0"],"t":95,"s":[100],"e":[100]},{"i":{"x":[0],"y":[1]},"o":{"x":[0.25],"y":[0]},"n":["0_1_0p25_0"],"t":123,"s":[100],"e":[0]},{"i":{"x":[0],"y":[1]},"o":{"x":[0.25],"y":[0]},"n":["0_1_0p25_0"],"t":133,"s":[0],"e":[0]},{"i":{"x":[0],"y":[1]},"o":{"x":[0.25],"y":[0]},"n":["0_1_0p25_0"],"t":358,"s":[0],"e":[100]},{"t":376}],"ix":11},"r":{"a":0,"k":0,"ix":10},"p":{"a":1,"k":[{"i":{"x":0,"y":1},"o":{"x":0.25,"y":0},"n":"0_1_0p25_0","t":88,"s":[540.421,740.51,0],"e":[540.421,448.91,0],"to":[0,-48.5999984741211,0],"ti":[0,48.5999984741211,0]},{"i":{"x":0,"y":0},"o":{"x":0.25,"y":0.25},"n":"0_0_0p25_0p25","t":118,"s":[540.421,448.91,0],"e":[540.421,448.91,0],"to":[0,0,0],"ti":[0,0,0]},{"i":{"x":0.17,"y":1},"o":{"x":0.25,"y":0},"n":"0p17_1_0p25_0","t":359,"s":[540.421,448.91,0],"e":[540.421,740.5,0],"to":[0,48.5984077453613,0],"ti":[0,-48.5984077453613,0]},{"t":398}],"ix":2},"a":{"a":0,"k":[119.01,20.91,0],"ix":1},"s":{"a":0,"k":[100,100,100],"ix":6}},"ao":0,"shapes":[{"ty":"gr","it":[{"ty":"gr","it":[{"ind":0,"ty":"sh","ix":1,"ks":{"a":0,"k":{"i":[[0,0],[0,0],[0,0],[0,0]],"o":[[0,0],[0,0],[0,0],[0,0]],"v":[[10,0],[85,0],[95,43],[0,43]],"c":true},"ix":2},"nm":"Path 1","mn":"ADBE Vector Shape - Group","hd":true},{"ty":"tr","p":{"a":0,"k":[-7.38,0],"ix":2},"a":{"a":0,"k":[0,0],"ix":1},"s":{"a":0,"k":[100,100],"ix":3},"r":{"a":0,"k":0,"ix":6},"o":{"a":0,"k":100,"ix":7},"sk":{"a":0,"k":0,"ix":4},"sa":{"a":0,"k":0,"ix":5},"nm":"Transform"}],"nm":"Rectangle 20","np":1,"cix":2,"ix":1,"mn":"ADBE Vector Group","hd":true},{"ty":"gr","it":[{"ind":0,"ty":"sh","ix":1,"ks":{"a":0,"k":{"i":[[0,0],[0,0],[0,0],[0,0]],"o":[[0,0],[0,0],[0,0],[0,0]],"v":[[5.05,0.43],[76.91,0],[79.34,18.94],[0,21.94]],"c":true},"ix":2},"nm":"Path 1","mn":"ADBE Vector Shape - Group","hd":false},{"ty":"tr","p":{"a":0,"k":[0,-4],"ix":2},"a":{"a":0,"k":[0,0],"ix":1},"s":{"a":0,"k":[100,100],"ix":3},"r":{"a":0,"k":0,"ix":6},"o":{"a":0,"k":100,"ix":7},"sk":{"a":0,"k":0,"ix":4},"sa":{"a":0,"k":0,"ix":5},"nm":"Transform"}],"nm":"Rectangle 5","np":1,"cix":2,"ix":2,"mn":"ADBE Vector Group","hd":false},{"ty":"mm","mm":4,"nm":"Merge Paths 1","mn":"ADBE Vector Filter - Merge","hd":true},{"ty":"fl","c":{"a":0,"k":[0.611765027046,0.603922009468,0.603922009468,1],"ix":4},"o":{"a":0,"k":100,"ix":5},"r":1,"nm":"Fill 1","mn":"ADBE Vector Graphic - Fill","hd":false},{"ty":"tr","p":{"a":0,"k":[0,0],"ix":2},"a":{"a":0,"k":[0,0],"ix":1},"s":{"a":0,"k":[300,300],"ix":3},"r":{"a":0,"k":0,"ix":6},"o":{"a":0,"k":100,"ix":7},"sk":{"a":0,"k":0,"ix":4},"sa":{"a":0,"k":0,"ix":5},"nm":"Transform"}],"nm":"Combined Shape","np":4,"cix":2,"ix":1,"mn":"ADBE Vector Group","hd":false}],"ip":0,"op":416,"st":0,"bm":0},{"ddd":0,"ind":25,"ty":4,"nm":"dock","parent":12,"sr":1,"ks":{"o":{"a":1,"k":[{"i":{"x":[0],"y":[1]},"o":{"x":[0.25],"y":[0]},"n":["0_1_0p25_0"],"t":95,"s":[100],"e":[100]},{"i":{"x":[0],"y":[1]},"o":{"x":[0.25],"y":[0]},"n":["0_1_0p25_0"],"t":123,"s":[100],"e":[0]},{"i":{"x":[0],"y":[1]},"o":{"x":[0.25],"y":[0]},"n":["0_1_0p25_0"],"t":133,"s":[0],"e":[0]},{"i":{"x":[0],"y":[1]},"o":{"x":[0.25],"y":[0]},"n":["0_1_0p25_0"],"t":358,"s":[0],"e":[100]},{"t":376}],"ix":11},"r":{"a":0,"k":0,"ix":10},"p":{"a":1,"k":[{"i":{"x":0,"y":1},"o":{"x":0.25,"y":0},"n":"0_1_0p25_0","t":95,"s":[543,865.5,0],"e":[543,567.5,0],"to":[0,-49.6666679382324,0],"ti":[0,49.6666679382324,0]},{"i":{"x":0,"y":0},"o":{"x":0.25,"y":0.25},"n":"0_0_0p25_0p25","t":118,"s":[543,567.5,0],"e":[543,567.5,0],"to":[0,0,0],"ti":[0,0,0]},{"i":{"x":0.17,"y":1},"o":{"x":0.25,"y":0},"n":"0p17_1_0p25_0","t":359,"s":[543,567.5,0],"e":[543,865.5,0],"to":[0,49.6666679382324,0],"ti":[0,-49.6666679382324,0]},{"t":398}],"ix":2},"a":{"a":0,"k":[0,0,0],"ix":1},"s":{"a":0,"k":[100,100,100],"ix":6}},"ao":0,"shapes":[{"ty":"gr","it":[{"ty":"rc","d":1,"s":{"a":0,"k":[118,5],"ix":2},"p":{"a":0,"k":[0,0],"ix":3},"r":{"a":0,"k":100,"ix":4},"nm":"Rectangle Path 1","mn":"ADBE Vector Shape - Rect","hd":false},{"ty":"fl","c":{"a":0,"k":[0.909803986549,0.921568989754,0.941175997257,1],"ix":4},"o":{"a":0,"k":100,"ix":5},"r":1,"nm":"Fill 1","mn":"ADBE Vector Graphic - Fill","hd":false},{"ty":"tr","p":{"a":0,"k":[0,0],"ix":2},"a":{"a":0,"k":[0,0],"ix":1},"s":{"a":0,"k":[300,300],"ix":3},"r":{"a":0,"k":0,"ix":6},"o":{"a":0,"k":100,"ix":7},"sk":{"a":0,"k":0,"ix":4},"sa":{"a":0,"k":0,"ix":5},"nm":"Transform"}],"nm":"Rectangle 21","np":2,"cix":2,"ix":1,"mn":"ADBE Vector Group","hd":false}],"ip":0,"op":416,"st":0,"bm":0},{"ddd":0,"ind":26,"ty":4,"nm":"stand","parent":12,"sr":1,"ks":{"o":{"a":1,"k":[{"i":{"x":[0],"y":[1]},"o":{"x":[0.25],"y":[0]},"n":["0_1_0p25_0"],"t":95,"s":[100],"e":[100]},{"i":{"x":[0],"y":[1]},"o":{"x":[0.25],"y":[0]},"n":["0_1_0p25_0"],"t":123,"s":[100],"e":[0]},{"i":{"x":[0],"y":[1]},"o":{"x":[0.25],"y":[0]},"n":["0_1_0p25_0"],"t":133,"s":[0],"e":[0]},{"i":{"x":[0],"y":[1]},"o":{"x":[0.25],"y":[0]},"n":["0_1_0p25_0"],"t":358,"s":[0],"e":[100]},{"t":376}],"ix":11},"r":{"a":0,"k":0,"ix":10},"p":{"a":1,"k":[{"i":{"x":0,"y":1},"o":{"x":0.25,"y":0},"n":"0_1_0p25_0","t":95,"s":[541.5,805.5,0],"e":[541.5,507.5,0],"to":[0,-49.6666679382324,0],"ti":[0,49.6666679382324,0]},{"i":{"x":0,"y":0},"o":{"x":0.25,"y":0.25},"n":"0_0_0p25_0p25","t":118,"s":[541.5,507.5,0],"e":[541.5,507.5,0],"to":[0,0,0],"ti":[0,0,0]},{"i":{"x":0.17,"y":1},"o":{"x":0.25,"y":0},"n":"0p17_1_0p25_0","t":359,"s":[541.5,507.5,0],"e":[541.5,805.5,0],"to":[0,49.6666679382324,0],"ti":[0,-49.6666679382324,0]},{"t":398}],"ix":2},"a":{"a":0,"k":[142.5,64.5,0],"ix":1},"s":{"a":0,"k":[100,100,100],"ix":6}},"ao":0,"shapes":[{"ty":"gr","it":[{"ind":0,"ty":"sh","ix":1,"ks":{"a":0,"k":{"i":[[0,0],[0,0],[0,0],[0,0]],"o":[[0,0],[0,0],[0,0],[0,0]],"v":[[10,0],[85,0],[95,43],[0,43]],"c":true},"ix":2},"nm":"Path 1","mn":"ADBE Vector Shape - Group","hd":false},{"ty":"fl","c":{"a":0,"k":[0.909803986549,0.921568989754,0.941175997257,1],"ix":4},"o":{"a":0,"k":100,"ix":5},"r":1,"nm":"Fill 1","mn":"ADBE Vector Graphic - Fill","hd":false},{"ty":"tr","p":{"a":0,"k":[0,0],"ix":2},"a":{"a":0,"k":[0,0],"ix":1},"s":{"a":0,"k":[300,300],"ix":3},"r":{"a":0,"k":0,"ix":6},"o":{"a":0,"k":100,"ix":7},"sk":{"a":0,"k":0,"ix":4},"sa":{"a":0,"k":0,"ix":5},"nm":"Transform"}],"nm":"Group 1","np":2,"cix":2,"ix":1,"mn":"ADBE Vector Group","hd":false}],"ip":0,"op":416,"st":0,"bm":0}],"markers":[]}